-- phpMyAdmin SQL Dump
-- version 4.8.4
-- https://www.phpmyadmin.net/
--
-- Host: localhost
-- Generation Time: Dec 18, 2018 at 04:04 PM
-- Server version: 5.7.24-0ubuntu0.16.04.1
-- PHP Version: 7.0.32-0ubuntu0.16.04.1

SET SQL_MODE = "NO_AUTO_VALUE_ON_ZERO";
SET AUTOCOMMIT = 0;
START TRANSACTION;
SET time_zone = "+00:00";


/*!40101 SET @OLD_CHARACTER_SET_CLIENT=@@CHARACTER_SET_CLIENT */;
/*!40101 SET @OLD_CHARACTER_SET_RESULTS=@@CHARACTER_SET_RESULTS */;
/*!40101 SET @OLD_COLLATION_CONNECTION=@@COLLATION_CONNECTION */;
/*!40101 SET NAMES utf8mb4 */;

--
-- Database: `brainmaster`
--

-- --------------------------------------------------------

--
-- Table structure for table `action`
--

CREATE TABLE `action` (
  `id` int(11) NOT NULL,
  `type` varchar(30) NOT NULL
) ENGINE=MyISAM DEFAULT CHARSET=utf8;

--
-- Dumping data for table `action`
--

INSERT INTO `action` (`id`, `type`) VALUES
(2, 'start'),
(3, 'login_page'),
(4, 'login_sent'),
(5, 'registration_page'),
(6, 'registration_sent'),
(7, 'registration_close'),
(8, 'endgame_page'),
(9, 'survey_page'),
(10, 'survey_close'),
(11, 'survey_sent'),
(12, 'pathfinder'),
(13, 'colourchallenge'),
(14, 'logout'),
(1, 'load'),
(15, 'close_top_ten'),
(16, 'close_login'),
(17, 'click_signin');

-- --------------------------------------------------------

--
-- Table structure for table `enumcountries`
--

CREATE TABLE `enumcountries` (
  `id` int(11) NOT NULL,
  `country` varchar(30) NOT NULL
) ENGINE=MyISAM DEFAULT CHARSET=utf8;

-- --------------------------------------------------------

--
-- Table structure for table `enumdocumenttypes`
--

CREATE TABLE `enumdocumenttypes` (
  `id` int(11) NOT NULL,
  `type` varchar(30) NOT NULL
) ENGINE=MyISAM DEFAULT CHARSET=utf8;

-- --------------------------------------------------------

--
-- Table structure for table `enumeducationlevel`
--

CREATE TABLE `enumeducationlevel` (
  `id` int(11) NOT NULL,
  `title` varchar(30) NOT NULL
) ENGINE=MyISAM DEFAULT CHARSET=utf8;

-- --------------------------------------------------------

--
-- Table structure for table `enumemployment`
--

CREATE TABLE `enumemployment` (
  `id` int(11) NOT NULL,
  `title` varchar(30) NOT NULL
) ENGINE=MyISAM DEFAULT CHARSET=utf8;

-- --------------------------------------------------------

--
-- Table structure for table `enumfundsorigin`
--

CREATE TABLE `enumfundsorigin` (
  `id` int(11) NOT NULL,
  `title` varchar(30) NOT NULL
) ENGINE=MyISAM DEFAULT CHARSET=utf8;

-- --------------------------------------------------------

--
-- Table structure for table `enumincome`
--

CREATE TABLE `enumincome` (
  `id` int(11) NOT NULL,
  `title` varchar(30) NOT NULL
) ENGINE=MyISAM DEFAULT CHARSET=utf8;

-- --------------------------------------------------------

--
-- Table structure for table `enuminstrument`
--

CREATE TABLE `enuminstrument` (
  `id` int(11) NOT NULL,
  `title` varchar(20) NOT NULL
) ENGINE=MyISAM DEFAULT CHARSET=utf8;

-- --------------------------------------------------------

--
-- Table structure for table `enumrole`
--

CREATE TABLE `enumrole` (
  `id` int(11) NOT NULL,
  `title` varchar(20) NOT NULL
) ENGINE=MyISAM DEFAULT CHARSET=utf8;

-- --------------------------------------------------------

--
-- Table structure for table `enumtitles`
--

CREATE TABLE `enumtitles` (
  `id` int(11) NOT NULL,
  `title` varchar(10) NOT NULL
) ENGINE=MyISAM DEFAULT CHARSET=utf8;

-- --------------------------------------------------------

--
-- Table structure for table `enumtransaction`
--

CREATE TABLE `enumtransaction` (
  `id` int(11) NOT NULL,
  `title` varchar(40) NOT NULL
) ENGINE=MyISAM DEFAULT CHARSET=utf8;

-- --------------------------------------------------------

--
-- Table structure for table `game_type`
--

CREATE TABLE `game_type` (
  `id` int(11) NOT NULL,
  `type` varchar(20) NOT NULL
) ENGINE=MyISAM DEFAULT CHARSET=utf8;

--
-- Dumping data for table `game_type`
--

INSERT INTO `game_type` (`id`, `type`) VALUES
(1, 'pathfinder'),
(2, 'colour challenge');

-- --------------------------------------------------------

--
-- Table structure for table `record`
--

CREATE TABLE `record` (
  `id` int(11) NOT NULL,
  `user` int(11) NOT NULL,
  `type_gui` int(2) NOT NULL,
  `action` int(2) NOT NULL
) ENGINE=MyISAM DEFAULT CHARSET=utf8;

--
-- Dumping data for table `record`
--

INSERT INTO `record` (`id`, `user`, `type_gui`, `action`) VALUES
(1, 1, 1, 5),
(2, 1, 1, 6),
(3, 1, 1, 14),
(4, 1, 1, 14),
(5, 1, 1, 16),
(6, 1, 1, 14),
(7, 4, 2, 4),
(8, 1, 1, 14),
(9, 1, 1, 14),
(10, 4, 2, 4),
(11, 1, 1, 14),
(12, 1, 1, 14),
(13, 1, 1, 16),
(14, 1, 1, 17),
(15, 4, 2, 4),
(16, 4, 2, 8),
(17, 4, 2, 8),
(18, 4, 2, 15),
(19, 2, 2, 4),
(20, 2, 2, 8),
(21, 2, 2, 9),
(22, 2, 2, 10),
(23, 4, 2, 4),
(24, 4, 2, 8),
(25, 4, 2, 9),
(26, 4, 2, 11),
(27, 4, 2, 8),
(28, 4, 2, 8),
(29, 4, 2, 15),
(30, 4, 2, 8),
(31, 4, 2, 15),
(32, 4, 2, 8),
(33, 4, 2, 15),
(34, 1, 1, 14),
(35, 1, 1, 14),
(36, 1, 1, 17),
(37, 1, 1, 16),
(38, 1, 1, 8),
(39, 1, 1, 9),
(40, 1, 1, 11),
(41, 1, 1, 17),
(42, 1, 1, 16),
(43, 1, 1, 16),
(44, 1, 1, 8),
(45, 1, 1, 8),
(46, 1, 1, 15),
(47, 1, 1, 8),
(48, 1, 1, 8),
(49, 1, 1, 15),
(50, 1, 1, 8),
(51, 1, 1, 15),
(52, 1, 1, 16),
(53, 1, 1, 8),
(54, 1, 1, 15),
(55, 1, 1, 8),
(56, 1, 1, 15),
(57, 1, 1, 16),
(58, 1, 1, 16),
(59, 1, 1, 8),
(60, 1, 1, 9),
(61, 1, 1, 8),
(62, 1, 1, 8),
(63, 1, 1, 10),
(64, 1, 1, 15),
(65, 1, 1, 8),
(66, 1, 1, 15),
(67, 1, 1, 8),
(68, 1, 1, 15),
(69, 1, 1, 16),
(70, 1, 1, 8),
(71, 1, 1, 15),
(72, 1, 1, 16),
(73, 1, 1, 16),
(74, 1, 1, 16),
(75, 1, 1, 8),
(76, 1, 1, 8),
(77, 1, 1, 15),
(78, 1, 1, 16),
(79, 1, 1, 15),
(80, 1, 1, 8),
(81, 1, 1, 15),
(82, 1, 1, 16),
(83, 1, 1, 8),
(84, 1, 1, 8),
(85, 1, 1, 15),
(86, 1, 1, 15),
(87, 1, 1, 16),
(88, 1, 1, 8),
(89, 1, 1, 15),
(90, 1, 1, 16),
(91, 1, 1, 8),
(92, 1, 1, 8),
(93, 1, 1, 8),
(94, 1, 1, 15),
(95, 1, 1, 15),
(96, 1, 1, 15),
(97, 1, 1, 8),
(98, 1, 1, 17),
(99, 1, 1, 8),
(100, 1, 1, 16),
(101, 1, 1, 8),
(102, 1, 1, 15),
(103, 1, 1, 8),
(104, 1, 1, 15),
(105, 1, 1, 16),
(106, 1, 1, 8),
(107, 1, 1, 8),
(108, 1, 1, 15),
(109, 1, 1, 16),
(110, 1, 1, 15),
(111, 1, 1, 8),
(112, 1, 1, 15),
(113, 1, 1, 8),
(114, 1, 1, 8),
(115, 1, 1, 15),
(116, 1, 1, 15),
(117, 1, 1, 16),
(118, 1, 1, 8),
(119, 1, 1, 15),
(120, 1, 1, 16),
(121, 1, 1, 8),
(122, 1, 1, 8),
(123, 1, 1, 8),
(124, 1, 1, 15),
(125, 1, 1, 15),
(126, 1, 1, 8),
(127, 1, 1, 8),
(128, 1, 1, 15),
(129, 1, 1, 8),
(130, 1, 1, 8),
(131, 1, 1, 8),
(132, 1, 1, 15),
(133, 1, 1, 15),
(134, 1, 1, 8),
(135, 1, 1, 15),
(136, 1, 1, 8),
(137, 1, 1, 15),
(138, 1, 1, 16),
(139, 1, 1, 8),
(140, 1, 1, 15),
(141, 1, 1, 16),
(142, 1, 1, 8),
(143, 1, 1, 15),
(144, 1, 1, 8),
(145, 1, 1, 8),
(146, 1, 1, 15),
(147, 1, 1, 15),
(148, 1, 1, 8),
(149, 1, 1, 8),
(150, 1, 1, 15),
(151, 1, 1, 16),
(152, 1, 1, 8),
(153, 1, 1, 16),
(154, 1, 1, 8),
(155, 1, 1, 8),
(156, 1, 1, 8),
(157, 1, 1, 8),
(158, 1, 1, 8),
(159, 1, 1, 15),
(160, 1, 1, 8),
(161, 1, 1, 15),
(162, 1, 1, 8),
(163, 1, 1, 8),
(164, 1, 1, 8),
(165, 1, 1, 8),
(166, 1, 1, 16),
(167, 1, 1, 8),
(168, 1, 1, 8),
(169, 1, 1, 15),
(170, 1, 1, 8),
(171, 1, 1, 15),
(172, 1, 1, 8),
(173, 1, 1, 8),
(174, 1, 1, 15),
(175, 1, 1, 8),
(176, 1, 1, 15),
(177, 1, 1, 8),
(178, 1, 1, 15),
(179, 1, 1, 16),
(180, 1, 1, 16),
(181, 1, 1, 8),
(182, 1, 1, 15),
(183, 1, 1, 16),
(184, 1, 1, 8),
(185, 1, 1, 8),
(186, 1, 1, 15),
(187, 1, 1, 15),
(188, 1, 1, 8),
(189, 1, 1, 15),
(190, 1, 1, 8),
(191, 1, 1, 8),
(192, 1, 1, 15),
(193, 1, 1, 17),
(194, 1, 1, 15),
(195, 1, 1, 16),
(196, 1, 1, 8),
(197, 1, 1, 8),
(198, 1, 1, 15),
(199, 1, 1, 8),
(200, 1, 1, 15),
(201, 1, 1, 8),
(202, 1, 1, 15),
(203, 1, 1, 16),
(204, 1, 1, 8),
(205, 1, 1, 15),
(206, 1, 1, 8),
(207, 1, 1, 15),
(208, 1, 1, 8),
(209, 1, 1, 15),
(210, 1, 1, 16),
(211, 1, 1, 16),
(212, 1, 1, 8),
(213, 1, 1, 15),
(214, 1, 1, 8),
(215, 1, 1, 15),
(216, 1, 1, 8),
(217, 1, 1, 15),
(218, 1, 1, 8),
(219, 1, 1, 16),
(220, 1, 1, 16),
(221, 1, 1, 15),
(222, 1, 1, 16),
(223, 1, 1, 8),
(224, 1, 1, 8),
(225, 1, 1, 9),
(226, 1, 1, 15),
(227, 1, 1, 16),
(228, 1, 1, 11),
(229, 1, 1, 8),
(230, 1, 1, 8),
(231, 1, 1, 15),
(232, 1, 1, 9),
(233, 1, 1, 10),
(234, 1, 1, 8),
(235, 1, 1, 15),
(236, 1, 1, 8),
(237, 1, 1, 15),
(238, 1, 1, 8),
(239, 1, 1, 15),
(240, 1, 1, 8),
(241, 1, 1, 15),
(242, 1, 1, 8),
(243, 1, 1, 15),
(244, 1, 1, 8),
(245, 1, 1, 15),
(246, 1, 1, 8),
(247, 1, 1, 15),
(248, 1, 1, 16),
(249, 1, 1, 8),
(250, 1, 1, 15),
(251, 1, 1, 16),
(252, 1, 1, 16),
(253, 1, 1, 16),
(254, 1, 1, 8),
(255, 1, 1, 15),
(256, 1, 1, 8),
(257, 1, 1, 8),
(258, 1, 1, 8),
(259, 1, 1, 15),
(260, 1, 1, 15),
(261, 1, 1, 16),
(262, 1, 1, 8),
(263, 1, 1, 15),
(264, 1, 1, 16),
(265, 1, 1, 8),
(266, 1, 1, 8),
(267, 1, 1, 16),
(268, 1, 1, 15),
(269, 1, 1, 9),
(270, 1, 1, 8),
(271, 1, 1, 11),
(272, 1, 1, 8),
(273, 1, 1, 15),
(274, 1, 1, 15),
(275, 1, 1, 8),
(276, 1, 1, 15),
(277, 1, 1, 8),
(278, 1, 1, 9),
(279, 1, 1, 8),
(280, 1, 1, 15),
(281, 1, 1, 8),
(282, 1, 1, 16),
(283, 1, 1, 15),
(284, 1, 1, 8),
(285, 1, 1, 15),
(286, 1, 1, 8),
(287, 1, 1, 15),
(288, 1, 1, 8),
(289, 1, 1, 15),
(290, 1, 1, 8),
(291, 1, 1, 16),
(292, 1, 1, 8),
(293, 1, 1, 16),
(294, 1, 1, 15),
(295, 1, 1, 15),
(296, 1, 1, 8),
(297, 1, 1, 15),
(298, 1, 1, 8),
(299, 1, 1, 15),
(300, 1, 1, 8),
(301, 1, 1, 15),
(302, 1, 1, 16),
(303, 1, 1, 8),
(304, 1, 1, 15),
(305, 1, 1, 8),
(306, 1, 1, 16),
(307, 1, 1, 8),
(308, 1, 1, 15),
(309, 1, 1, 15),
(310, 1, 1, 8),
(311, 1, 1, 8),
(312, 1, 1, 16),
(313, 1, 1, 8),
(314, 1, 1, 15),
(315, 1, 1, 16),
(316, 1, 1, 8),
(317, 1, 1, 15),
(318, 1, 1, 8),
(319, 1, 1, 15),
(320, 1, 1, 16),
(321, 1, 1, 8),
(322, 1, 1, 8),
(323, 1, 1, 15),
(324, 1, 1, 15),
(325, 1, 1, 16),
(326, 1, 1, 8),
(327, 1, 1, 16),
(328, 1, 1, 15),
(329, 1, 1, 16),
(330, 1, 1, 16),
(331, 1, 1, 8),
(332, 1, 1, 8),
(333, 1, 1, 8),
(334, 1, 1, 8),
(335, 1, 1, 8),
(336, 1, 1, 8),
(337, 1, 1, 8),
(338, 1, 1, 8),
(339, 1, 1, 8),
(340, 1, 1, 8),
(341, 1, 1, 8),
(342, 1, 1, 17),
(343, 1, 1, 15),
(344, 1, 1, 5),
(345, 1, 1, 8),
(346, 1, 1, 15),
(347, 1, 1, 16),
(348, 1, 1, 6),
(349, 1, 1, 8),
(350, 1, 1, 5),
(351, 1, 1, 15),
(352, 1, 1, 8),
(353, 1, 1, 15),
(354, 1, 1, 8),
(355, 1, 1, 15),
(356, 5, 2, 4),
(357, 1, 1, 6),
(358, 1, 1, 8),
(359, 1, 1, 8),
(360, 1, 1, 8),
(361, 1, 1, 15),
(362, 1, 1, 15),
(363, 1, 1, 15),
(364, 1, 1, 5),
(365, 1, 1, 8),
(366, 1, 1, 6),
(367, 1, 1, 15),
(368, 1, 1, 8),
(369, 1, 1, 15),
(370, 1, 1, 8),
(371, 1, 1, 15),
(372, 1, 1, 16),
(373, 1, 1, 8),
(374, 1, 1, 15),
(375, 1, 1, 8),
(376, 1, 1, 15),
(377, 1, 1, 8),
(378, 1, 1, 15),
(379, 1, 1, 8),
(380, 1, 1, 15),
(381, 1, 1, 8),
(382, 1, 1, 8),
(383, 1, 1, 15),
(384, 1, 1, 15),
(385, 1, 1, 8),
(386, 1, 1, 15),
(387, 1, 1, 16),
(388, 1, 1, 16),
(389, 1, 1, 8),
(390, 1, 1, 15),
(391, 1, 1, 8),
(392, 1, 1, 15),
(393, 1, 1, 8),
(394, 1, 1, 15),
(395, 1, 1, 8),
(396, 1, 1, 15),
(397, 1, 1, 8),
(398, 1, 1, 15),
(399, 1, 1, 8),
(400, 1, 1, 15),
(401, 1, 1, 8),
(402, 1, 1, 15),
(403, 1, 1, 8),
(404, 1, 1, 15),
(405, 1, 1, 16),
(406, 1, 1, 8),
(407, 1, 1, 15),
(408, 1, 1, 8),
(409, 1, 1, 15),
(410, 1, 1, 8),
(411, 1, 1, 15),
(412, 1, 1, 8),
(413, 1, 1, 16),
(414, 1, 1, 15),
(415, 1, 1, 8),
(416, 1, 1, 15),
(417, 1, 1, 8),
(418, 1, 1, 15),
(419, 1, 1, 16),
(420, 1, 1, 8),
(421, 1, 1, 16),
(422, 1, 1, 8),
(423, 1, 1, 9),
(424, 1, 1, 11),
(425, 1, 1, 8),
(426, 1, 1, 15),
(427, 1, 1, 8),
(428, 1, 1, 15),
(429, 1, 1, 8),
(430, 1, 1, 15),
(431, 1, 1, 16),
(432, 1, 1, 5),
(433, 1, 1, 6),
(434, 8, 2, 4),
(435, 1, 1, 16),
(436, 8, 2, 8),
(437, 8, 2, 8),
(438, 8, 2, 15),
(439, 1, 1, 8),
(440, 1, 1, 15),
(441, 8, 2, 8),
(442, 8, 2, 9),
(443, 8, 2, 10),
(444, 8, 2, 8),
(445, 8, 2, 15),
(446, 8, 2, 8),
(447, 8, 2, 15),
(448, 8, 2, 8),
(449, 8, 2, 15),
(450, 1, 1, 14),
(451, 1, 1, 16),
(452, 1, 1, 8),
(453, 1, 1, 9),
(454, 1, 1, 11),
(455, 1, 1, 8),
(456, 1, 1, 16),
(457, 1, 1, 9),
(458, 1, 1, 16),
(459, 1, 1, 8),
(460, 1, 1, 15),
(461, 1, 1, 11),
(462, 1, 1, 8),
(463, 1, 1, 15),
(464, 1, 1, 8),
(465, 1, 1, 15),
(466, 1, 1, 8),
(467, 1, 1, 15),
(468, 1, 1, 16),
(469, 1, 1, 8),
(470, 1, 1, 8),
(471, 1, 1, 15),
(472, 1, 1, 15),
(473, 1, 1, 16),
(474, 1, 1, 8),
(475, 1, 1, 15),
(476, 1, 1, 8),
(477, 1, 1, 15),
(478, 1, 1, 8),
(479, 1, 1, 15),
(480, 1, 1, 8),
(481, 1, 1, 15),
(482, 1, 1, 17),
(483, 1, 1, 5),
(484, 1, 1, 8),
(485, 1, 1, 15),
(486, 1, 1, 6),
(487, 1, 1, 8),
(488, 1, 1, 9),
(489, 1, 1, 10),
(490, 1, 1, 8),
(491, 9, 2, 4),
(492, 1, 1, 15),
(493, 1, 1, 16),
(494, 1, 1, 8),
(495, 9, 2, 8),
(496, 1, 1, 15),
(497, 1, 1, 8),
(498, 9, 2, 15),
(499, 1, 1, 15),
(500, 1, 1, 8),
(501, 1, 1, 15),
(502, 9, 2, 8),
(503, 9, 2, 15),
(504, 1, 1, 8),
(505, 1, 1, 8),
(506, 1, 1, 15),
(507, 1, 1, 15),
(508, 9, 2, 8),
(509, 9, 2, 15),
(510, 1, 1, 8),
(511, 1, 1, 15),
(512, 1, 1, 8),
(513, 1, 1, 15),
(514, 9, 2, 8),
(515, 9, 2, 15),
(516, 9, 2, 8),
(517, 9, 2, 15),
(518, 1, 1, 16),
(519, 1, 1, 8),
(520, 9, 2, 8),
(521, 9, 2, 15),
(522, 1, 1, 15),
(523, 1, 1, 15),
(524, 1, 1, 8),
(525, 9, 2, 8),
(526, 9, 2, 15),
(527, 9, 2, 8),
(528, 9, 2, 15),
(529, 9, 2, 8),
(530, 9, 2, 15),
(531, 1, 1, 16),
(532, 9, 2, 4),
(533, 9, 2, 8),
(534, 9, 2, 15),
(535, 1, 1, 17),
(536, 1, 1, 5),
(537, 9, 2, 8),
(538, 9, 2, 15),
(539, 1, 1, 7),
(540, 1, 1, 16),
(541, 1, 1, 5),
(542, 1, 1, 7),
(543, 9, 2, 4),
(544, 9, 2, 8),
(545, 9, 2, 15),
(546, 1, 1, 16),
(547, 9, 2, 8),
(548, 9, 2, 15),
(549, 1, 1, 8),
(550, 9, 2, 8),
(551, 9, 2, 15),
(552, 1, 1, 15),
(553, 1, 1, 8),
(554, 9, 2, 8),
(555, 9, 2, 15),
(556, 1, 1, 16),
(557, 1, 1, 16),
(558, 1, 1, 8),
(559, 1, 1, 15),
(560, 1, 1, 17),
(561, 1, 1, 5),
(562, 1, 1, 6),
(563, 10, 2, 4),
(564, 10, 2, 8),
(565, 10, 2, 15),
(566, 2, 2, 4),
(567, 2, 2, 8),
(568, 2, 2, 15),
(569, 2, 2, 8),
(570, 2, 2, 15),
(571, 10, 2, 8),
(572, 10, 2, 15),
(573, 10, 2, 8),
(574, 1, 1, 16),
(575, 10, 2, 15),
(576, 10, 2, 8),
(577, 10, 2, 15),
(578, 10, 2, 8),
(579, 10, 2, 15),
(580, 1, 1, 8),
(581, 1, 1, 15),
(582, 10, 2, 8),
(583, 10, 2, 15),
(584, 10, 2, 8),
(585, 10, 2, 15),
(586, 10, 2, 8),
(587, 10, 2, 15),
(588, 1, 1, 16),
(589, 1, 1, 8),
(590, 1, 1, 15),
(591, 10, 2, 8),
(592, 1, 1, 8),
(593, 1, 1, 15),
(594, 10, 2, 15),
(595, 10, 2, 8),
(596, 10, 2, 15),
(597, 10, 2, 8),
(598, 10, 2, 15),
(599, 10, 2, 8),
(600, 10, 2, 15),
(601, 10, 2, 8),
(602, 10, 2, 15),
(603, 1, 1, 16),
(604, 10, 2, 8),
(605, 10, 2, 15),
(606, 1, 1, 8),
(607, 10, 2, 8),
(608, 1, 1, 15),
(609, 1, 1, 8),
(610, 1, 1, 15),
(611, 10, 2, 15),
(612, 1, 1, 16),
(613, 1, 1, 8),
(614, 1, 1, 15),
(615, 1, 1, 8),
(616, 1, 1, 15),
(617, 1, 1, 8),
(618, 1, 1, 16),
(619, 1, 1, 15),
(620, 1, 1, 8),
(621, 1, 1, 15),
(622, 1, 1, 8),
(623, 1, 1, 15),
(624, 10, 2, 8),
(625, 10, 2, 15),
(626, 1, 1, 8),
(627, 1, 1, 15),
(628, 1, 1, 8),
(629, 1, 1, 15),
(630, 10, 2, 8),
(631, 1, 1, 8),
(632, 1, 1, 15),
(633, 10, 2, 15),
(634, 1, 1, 8),
(635, 1, 1, 15),
(636, 2, 2, 16),
(637, 2, 2, 8),
(638, 2, 2, 15),
(639, 1, 1, 16),
(640, 1, 1, 8),
(641, 1, 1, 15),
(642, 1, 1, 16),
(643, 1, 1, 8),
(644, 1, 1, 15),
(645, 1, 1, 8),
(646, 1, 1, 15),
(647, 1, 1, 8),
(648, 1, 1, 15),
(649, 1, 1, 8),
(650, 1, 1, 15),
(651, 1, 1, 8),
(652, 1, 1, 9),
(653, 1, 1, 10),
(654, 1, 1, 16),
(655, 1, 1, 8),
(656, 1, 1, 15),
(657, 1, 1, 8),
(658, 1, 1, 15),
(659, 1, 1, 8),
(660, 1, 1, 15),
(661, 1, 1, 8),
(662, 1, 1, 15),
(663, 1, 1, 8),
(664, 1, 1, 15),
(665, 1, 1, 8),
(666, 1, 1, 15),
(667, 1, 1, 8),
(668, 1, 1, 15),
(669, 1, 1, 8),
(670, 1, 1, 15),
(671, 1, 1, 8),
(672, 1, 1, 15),
(673, 1, 1, 8),
(674, 1, 1, 15),
(675, 1, 1, 8),
(676, 1, 1, 15),
(677, 1, 1, 17),
(678, 1, 1, 5),
(679, 1, 1, 16),
(680, 1, 1, 16),
(681, 1, 1, 16),
(682, 1, 1, 8),
(683, 1, 1, 15),
(684, 1, 1, 7),
(685, 1, 1, 16),
(686, 1, 1, 16),
(687, 1, 1, 8),
(688, 1, 1, 15),
(689, 1, 1, 16),
(690, 1, 1, 8),
(691, 1, 1, 15),
(692, 1, 1, 8),
(693, 1, 1, 15),
(694, 1, 1, 8),
(695, 1, 1, 15),
(696, 1, 1, 8),
(697, 1, 1, 15),
(698, 1, 1, 16),
(699, 1, 1, 8),
(700, 1, 1, 15),
(701, 1, 1, 17),
(702, 1, 1, 16),
(703, 1, 1, 16),
(704, 1, 1, 16),
(705, 1, 1, 8),
(706, 1, 1, 15),
(707, 1, 1, 8),
(708, 1, 1, 15),
(709, 1, 1, 8),
(710, 1, 1, 15),
(711, 1, 1, 8),
(712, 1, 1, 15),
(713, 1, 1, 8),
(714, 1, 1, 15),
(715, 1, 1, 8),
(716, 1, 1, 15),
(717, 1, 1, 8),
(718, 1, 1, 15),
(719, 1, 1, 16),
(720, 1, 1, 8),
(721, 1, 1, 15),
(722, 1, 1, 8),
(723, 1, 1, 15),
(724, 1, 1, 16),
(725, 1, 1, 8),
(726, 1, 1, 15),
(727, 1, 1, 8),
(728, 1, 1, 15),
(729, 1, 1, 8),
(730, 1, 1, 15),
(731, 1, 1, 8),
(732, 1, 1, 15),
(733, 1, 1, 16),
(734, 1, 1, 5),
(735, 1, 1, 6),
(736, 11, 2, 4),
(737, 11, 2, 8),
(738, 11, 2, 9),
(739, 11, 2, 15),
(740, 11, 2, 8),
(741, 11, 2, 15),
(742, 11, 2, 8),
(743, 11, 2, 11),
(744, 1, 1, 16),
(745, 1, 1, 8),
(746, 1, 1, 15),
(747, 1, 1, 8),
(748, 1, 1, 15),
(749, 1, 1, 8),
(750, 1, 1, 15),
(751, 1, 1, 8),
(752, 1, 1, 15),
(753, 1, 1, 8),
(754, 1, 1, 15),
(755, 1, 1, 8),
(756, 1, 1, 15),
(757, 1, 1, 8),
(758, 1, 1, 9),
(759, 1, 1, 11),
(760, 1, 1, 16),
(761, 1, 1, 8),
(762, 1, 1, 16),
(763, 1, 1, 15),
(764, 1, 1, 8),
(765, 1, 1, 15),
(766, 1, 1, 8),
(767, 1, 1, 15),
(768, 1, 1, 8),
(769, 1, 1, 15),
(770, 1, 1, 16),
(771, 1, 1, 16),
(772, 1, 1, 16),
(773, 1, 1, 8),
(774, 1, 1, 15),
(775, 1, 1, 16),
(776, 1, 1, 8),
(777, 1, 1, 15),
(778, 1, 1, 8),
(779, 1, 1, 15),
(780, 1, 1, 16),
(781, 1, 1, 8),
(782, 1, 1, 16),
(783, 1, 1, 8),
(784, 1, 1, 15),
(785, 1, 1, 16),
(786, 1, 1, 8),
(787, 1, 1, 15),
(788, 1, 1, 8),
(789, 1, 1, 15),
(790, 1, 1, 8),
(791, 1, 1, 15),
(792, 1, 1, 8),
(793, 1, 1, 15),
(794, 1, 1, 8),
(795, 1, 1, 15),
(796, 1, 1, 16),
(797, 1, 1, 8),
(798, 1, 1, 15),
(799, 1, 1, 8),
(800, 1, 1, 15),
(801, 1, 1, 8),
(802, 1, 1, 15),
(803, 1, 1, 8),
(804, 1, 1, 9),
(805, 1, 1, 11),
(806, 1, 1, 5),
(807, 1, 1, 6),
(808, 12, 2, 4),
(809, 12, 2, 8),
(810, 12, 2, 15),
(811, 12, 2, 8),
(812, 12, 2, 15),
(813, 12, 2, 8),
(814, 12, 2, 15),
(815, 12, 2, 8),
(816, 12, 2, 15),
(817, 12, 2, 8),
(818, 12, 2, 9),
(819, 12, 2, 11),
(820, 1, 1, 16),
(821, 12, 2, 8),
(822, 12, 2, 15),
(823, 1, 1, 8),
(824, 1, 1, 15),
(825, 1, 1, 8),
(826, 1, 1, 15),
(827, 1, 1, 8),
(828, 1, 1, 15),
(829, 1, 1, 16),
(830, 1, 1, 16),
(831, 1, 1, 8),
(832, 1, 1, 15),
(833, 1, 1, 8),
(834, 1, 1, 15),
(835, 1, 1, 8),
(836, 1, 1, 15),
(837, 1, 1, 16),
(838, 1, 1, 8),
(839, 1, 1, 15),
(840, 12, 2, 4),
(841, 12, 2, 8),
(842, 12, 2, 15),
(843, 12, 2, 8),
(844, 12, 2, 15),
(845, 12, 2, 8),
(846, 12, 2, 15),
(847, 1, 1, 16),
(848, 1, 1, 16),
(849, 1, 1, 8),
(850, 1, 1, 15),
(851, 1, 1, 8),
(852, 1, 1, 15),
(853, 1, 1, 8),
(854, 1, 1, 15),
(855, 1, 1, 17),
(856, 4, 2, 4),
(857, 4, 2, 8),
(858, 4, 2, 15),
(859, 4, 2, 8),
(860, 4, 2, 15),
(861, 4, 2, 8),
(862, 4, 2, 15),
(863, 4, 2, 8),
(864, 4, 2, 15),
(865, 4, 2, 8),
(866, 4, 2, 15),
(867, 4, 2, 8),
(868, 4, 2, 15),
(869, 4, 2, 8),
(870, 4, 2, 15),
(871, 4, 2, 8),
(872, 4, 2, 15),
(873, 4, 2, 8),
(874, 4, 2, 15),
(875, 1, 1, 5),
(876, 1, 1, 6),
(877, 13, 2, 4),
(878, 1, 1, 16),
(879, 13, 2, 8),
(880, 13, 2, 15),
(881, 13, 2, 8),
(882, 13, 2, 15),
(883, 13, 2, 8),
(884, 13, 2, 15),
(885, 13, 2, 8),
(886, 13, 2, 15),
(887, 13, 2, 8),
(888, 13, 2, 15),
(889, 13, 2, 8),
(890, 13, 2, 15),
(891, 13, 2, 8),
(892, 13, 2, 15),
(893, 4, 2, 8),
(894, 4, 2, 15),
(895, 4, 2, 8),
(896, 4, 2, 15),
(897, 4, 2, 16),
(898, 4, 2, 16),
(899, 4, 2, 16),
(900, 1, 1, 16),
(901, 1, 1, 16),
(902, 1, 1, 8),
(903, 1, 1, 15),
(904, 1, 1, 16),
(905, 1, 1, 17),
(906, 1, 1, 16),
(907, 1, 1, 17),
(908, 1, 1, 16),
(909, 0, 0, 16),
(910, 1, 1, 16),
(911, 1, 1, 16),
(912, 1, 1, 8),
(913, 1, 1, 15),
(914, 1, 1, 8),
(915, 1, 1, 15),
(916, 1, 1, 8),
(917, 1, 1, 15),
(918, 1, 1, 8),
(919, 1, 1, 15),
(920, 1, 1, 8),
(921, 1, 1, 15),
(922, 1, 1, 8),
(923, 1, 1, 15),
(924, 1, 1, 16),
(925, 1, 1, 16),
(926, 1, 1, 16),
(927, 1, 1, 8),
(928, 1, 1, 15),
(929, 1, 1, 8),
(930, 1, 1, 15),
(931, 1, 1, 8),
(932, 1, 1, 8),
(933, 1, 1, 15),
(934, 1, 1, 8),
(935, 1, 1, 15),
(936, 1, 1, 16),
(937, 1, 1, 17),
(938, 4, 2, 4),
(939, 1, 1, 14),
(940, 1, 1, 17),
(941, 1, 1, 16),
(942, 1, 1, 17),
(943, 1, 1, 16),
(944, 1, 1, 17),
(945, 4, 2, 4),
(946, 1, 1, 14),
(947, 1, 1, 16),
(948, 1, 1, 8),
(949, 1, 1, 15),
(950, 1, 1, 8),
(951, 1, 1, 15),
(952, 1, 1, 8),
(953, 1, 1, 15),
(954, 1, 1, 8),
(955, 1, 1, 15),
(956, 1, 1, 8),
(957, 1, 1, 15),
(958, 1, 1, 8),
(959, 1, 1, 15),
(960, 1, 1, 8),
(961, 1, 1, 15),
(962, 1, 1, 8),
(963, 1, 1, 15),
(964, 1, 1, 8),
(965, 1, 1, 15),
(966, 1, 1, 8),
(967, 1, 1, 15),
(968, 1, 1, 8),
(969, 1, 1, 15),
(970, 1, 1, 8),
(971, 1, 1, 15),
(972, 1, 1, 16),
(973, 1, 1, 8),
(974, 1, 1, 15),
(975, 1, 1, 8),
(976, 1, 1, 15),
(977, 1, 1, 16),
(978, 1, 1, 16),
(979, 1, 1, 8),
(980, 1, 1, 16),
(981, 1, 1, 16),
(982, 1, 1, 16),
(983, 2, 2, 4),
(984, 2, 2, 8),
(985, 2, 2, 15),
(986, 1, 1, 14),
(987, 1, 1, 16),
(988, 1, 1, 16),
(989, 1, 1, 16),
(990, 1, 1, 8),
(991, 1, 1, 5),
(992, 1, 1, 15),
(993, 1, 1, 6),
(994, 1, 1, 16),
(995, 14, 2, 4),
(996, 14, 2, 8),
(997, 14, 2, 15),
(998, 1, 1, 8),
(999, 1, 1, 15),
(1000, 1, 1, 16),
(1001, 14, 2, 8),
(1002, 14, 2, 15),
(1003, 14, 2, 8),
(1004, 14, 2, 15),
(1005, 14, 2, 8),
(1006, 14, 2, 15),
(1007, 14, 2, 8),
(1008, 14, 2, 15),
(1009, 1, 1, 16),
(1010, 1, 1, 8),
(1011, 1, 1, 15),
(1012, 1, 1, 8),
(1013, 1, 1, 15),
(1014, 1, 1, 16),
(1015, 1, 1, 8),
(1016, 1, 1, 15),
(1017, 1, 1, 16),
(1018, 1, 1, 16),
(1019, 1, 1, 8),
(1020, 1, 1, 15),
(1021, 1, 1, 8),
(1022, 1, 1, 15),
(1023, 1, 1, 8),
(1024, 1, 1, 15),
(1025, 1, 1, 8),
(1026, 1, 1, 16),
(1027, 1, 1, 8),
(1028, 1, 1, 15),
(1029, 1, 1, 8),
(1030, 1, 1, 15),
(1031, 1, 1, 15),
(1032, 1, 1, 16),
(1033, 1, 1, 16),
(1034, 1, 1, 8),
(1035, 1, 1, 15),
(1036, 1, 1, 16),
(1037, 1, 1, 16),
(1038, 1, 1, 8),
(1039, 1, 1, 15),
(1040, 1, 1, 8),
(1041, 1, 1, 15),
(1042, 1, 1, 8),
(1043, 1, 1, 15),
(1044, 1, 1, 16),
(1045, 1, 1, 8),
(1046, 1, 1, 15),
(1047, 1, 1, 8),
(1048, 1, 1, 15),
(1049, 1, 1, 8),
(1050, 1, 1, 15),
(1051, 1, 1, 8),
(1052, 1, 1, 15),
(1053, 1, 1, 8),
(1054, 1, 1, 15),
(1055, 1, 1, 8),
(1056, 1, 1, 15),
(1057, 1, 1, 5),
(1058, 1, 1, 7),
(1059, 1, 1, 16),
(1060, 1, 1, 17),
(1061, 1, 1, 16),
(1062, 1, 1, 17),
(1063, 1, 1, 16),
(1064, 1, 1, 16),
(1065, 1, 1, 17),
(1066, 4, 2, 4),
(1067, 4, 2, 8),
(1068, 1, 1, 17),
(1069, 1, 1, 16),
(1070, 1, 1, 8),
(1071, 1, 1, 15),
(1072, 1, 1, 16),
(1073, 1, 1, 8),
(1074, 1, 1, 15),
(1075, 1, 1, 8),
(1076, 1, 1, 15),
(1077, 1, 1, 8),
(1078, 1, 1, 15),
(1079, 1, 1, 8),
(1080, 1, 1, 9),
(1081, 1, 1, 11),
(1082, 1, 1, 8),
(1083, 1, 1, 15),
(1084, 1, 1, 8),
(1085, 1, 1, 9),
(1086, 1, 1, 11),
(1087, 1, 1, 8),
(1088, 1, 1, 15),
(1089, 1, 1, 16),
(1090, 1, 1, 8),
(1091, 1, 1, 15),
(1092, 1, 1, 16),
(1093, 1, 1, 17),
(1094, 1, 1, 16),
(1095, 1, 1, 16),
(1096, 1, 1, 16),
(1097, 1, 1, 8),
(1098, 1, 1, 16),
(1099, 1, 1, 15),
(1100, 1, 1, 15),
(1101, 1, 1, 16),
(1102, 1, 1, 8),
(1103, 1, 1, 15),
(1104, 1, 1, 8),
(1105, 1, 1, 15),
(1106, 1, 1, 16),
(1107, 1, 1, 8),
(1108, 1, 1, 15),
(1109, 1, 1, 8),
(1110, 1, 1, 8),
(1111, 1, 1, 16),
(1112, 1, 1, 15),
(1113, 1, 1, 8),
(1114, 1, 1, 15),
(1115, 1, 1, 15),
(1116, 1, 1, 8),
(1117, 1, 1, 15),
(1118, 1, 1, 8),
(1119, 1, 1, 15),
(1120, 1, 1, 8),
(1121, 1, 1, 15),
(1122, 1, 1, 8),
(1123, 1, 1, 15),
(1124, 1, 1, 8),
(1125, 1, 1, 15),
(1126, 1, 1, 8),
(1127, 1, 1, 16),
(1128, 1, 1, 15),
(1129, 1, 1, 8),
(1130, 1, 1, 15),
(1131, 1, 1, 8),
(1132, 1, 1, 15),
(1133, 1, 1, 8),
(1134, 1, 1, 15),
(1135, 1, 1, 8),
(1136, 1, 1, 15),
(1137, 1, 1, 8),
(1138, 1, 1, 15),
(1139, 1, 1, 8),
(1140, 1, 1, 15),
(1141, 1, 1, 8),
(1142, 1, 1, 8),
(1143, 1, 1, 15),
(1144, 1, 1, 8),
(1145, 1, 1, 15),
(1146, 1, 1, 16),
(1147, 1, 1, 8),
(1148, 1, 1, 15),
(1149, 1, 1, 8),
(1150, 1, 1, 15),
(1151, 1, 1, 8),
(1152, 1, 1, 15),
(1153, 1, 1, 8),
(1154, 1, 1, 15),
(1155, 1, 1, 8),
(1156, 1, 1, 15),
(1157, 1, 1, 16),
(1158, 1, 1, 8),
(1159, 1, 1, 15),
(1160, 1, 1, 17),
(1161, 1, 1, 5),
(1162, 1, 1, 7),
(1163, 1, 1, 8),
(1164, 1, 1, 15),
(1165, 0, 0, 16),
(1166, 1, 1, 16),
(1167, 1, 1, 16),
(1168, 0, 0, 16),
(1169, 1, 1, 5),
(1170, 1, 1, 16),
(1171, 1, 1, 7),
(1172, 1, 1, 16),
(1173, 1, 1, 8),
(1174, 1, 1, 8),
(1175, 1, 1, 15),
(1176, 1, 1, 15),
(1177, 1, 1, 8),
(1178, 1, 1, 8),
(1179, 1, 1, 15),
(1180, 1, 1, 15),
(1181, 1, 1, 8),
(1182, 1, 1, 15),
(1183, 1, 1, 8),
(1184, 1, 1, 15),
(1185, 1, 1, 8),
(1186, 1, 1, 15),
(1187, 1, 1, 8),
(1188, 1, 1, 15),
(1189, 1, 1, 8),
(1190, 1, 1, 15),
(1191, 1, 1, 8),
(1192, 1, 1, 15),
(1193, 1, 1, 8),
(1194, 1, 1, 15),
(1195, 1, 1, 8),
(1196, 1, 1, 8),
(1197, 1, 1, 15),
(1198, 1, 1, 15),
(1199, 1, 1, 8),
(1200, 1, 1, 8),
(1201, 1, 1, 15),
(1202, 1, 1, 15),
(1203, 1, 1, 8),
(1204, 1, 1, 8),
(1205, 1, 1, 15),
(1206, 1, 1, 15),
(1207, 1, 1, 8),
(1208, 1, 1, 15),
(1209, 1, 1, 8),
(1210, 1, 1, 15),
(1211, 1, 1, 17),
(1212, 1, 1, 16),
(1213, 1, 1, 8),
(1214, 1, 1, 15),
(1215, 1, 1, 8),
(1216, 1, 1, 15),
(1217, 1, 1, 17),
(1218, 1, 1, 16),
(1219, 1, 1, 8),
(1220, 1, 1, 15),
(1221, 1, 1, 8),
(1222, 1, 1, 15),
(1223, 1, 1, 8),
(1224, 1, 1, 15),
(1225, 1, 1, 8),
(1226, 1, 1, 15),
(1227, 1, 1, 17),
(1228, 1, 1, 16),
(1229, 1, 1, 8),
(1230, 1, 1, 15),
(1231, 1, 1, 17),
(1232, 1, 1, 16),
(1233, 1, 1, 8),
(1234, 1, 1, 15),
(1235, 1, 1, 8),
(1236, 1, 1, 15),
(1237, 1, 1, 8),
(1238, 1, 1, 9),
(1239, 1, 1, 10),
(1240, 1, 1, 8),
(1241, 1, 1, 15),
(1242, 1, 1, 8),
(1243, 1, 1, 15),
(1244, 1, 1, 8),
(1245, 1, 1, 8),
(1246, 1, 1, 15),
(1247, 1, 1, 8),
(1248, 1, 1, 15),
(1249, 1, 1, 8),
(1250, 1, 1, 15),
(1251, 1, 1, 8),
(1252, 1, 1, 15),
(1253, 1, 1, 8),
(1254, 1, 1, 15),
(1255, 1, 1, 8),
(1256, 1, 1, 15),
(1257, 1, 1, 8),
(1258, 1, 1, 15),
(1259, 1, 1, 8),
(1260, 1, 1, 15),
(1261, 1, 1, 8),
(1262, 1, 1, 15),
(1263, 1, 1, 8),
(1264, 1, 1, 15),
(1265, 1, 1, 8),
(1266, 1, 1, 15),
(1267, 1, 1, 8),
(1268, 1, 1, 15),
(1269, 1, 1, 8),
(1270, 1, 1, 8),
(1271, 1, 1, 8),
(1272, 1, 1, 8),
(1273, 1, 1, 8),
(1274, 1, 1, 15),
(1275, 1, 1, 8),
(1276, 1, 1, 15),
(1277, 1, 1, 8),
(1278, 1, 1, 15),
(1279, 1, 1, 8),
(1280, 1, 1, 15),
(1281, 1, 1, 8),
(1282, 1, 1, 15),
(1283, 1, 1, 8),
(1284, 1, 1, 15),
(1285, 1, 1, 8),
(1286, 1, 1, 8),
(1287, 1, 1, 15),
(1288, 1, 1, 8),
(1289, 1, 1, 15),
(1290, 1, 1, 8),
(1291, 1, 1, 15),
(1292, 1, 1, 8),
(1293, 1, 1, 15),
(1294, 1, 1, 8),
(1295, 1, 1, 15),
(1296, 1, 1, 8),
(1297, 1, 1, 15),
(1298, 1, 1, 8),
(1299, 1, 1, 8),
(1300, 1, 1, 15),
(1301, 1, 1, 8),
(1302, 1, 1, 15),
(1303, 1, 1, 8),
(1304, 1, 1, 15),
(1305, 1, 1, 8),
(1306, 1, 1, 15),
(1307, 1, 1, 8),
(1308, 1, 1, 15),
(1309, 1, 1, 8),
(1310, 1, 1, 15),
(1311, 1, 1, 8),
(1312, 1, 1, 15),
(1313, 1, 1, 17),
(1314, 1, 1, 16),
(1315, 1, 1, 8),
(1316, 1, 1, 15),
(1317, 1, 1, 17),
(1318, 1, 1, 5),
(1319, 1, 1, 6),
(1320, 15, 2, 4),
(1321, 15, 2, 8),
(1322, 15, 2, 15),
(1323, 15, 2, 8),
(1324, 15, 2, 15),
(1325, 15, 2, 8),
(1326, 15, 2, 15),
(1327, 15, 2, 8),
(1328, 15, 2, 15),
(1329, 15, 2, 8),
(1330, 15, 2, 15),
(1331, 15, 2, 8),
(1332, 15, 2, 15),
(1333, 15, 2, 8),
(1334, 15, 2, 15),
(1335, 15, 2, 8),
(1336, 15, 2, 9),
(1337, 15, 2, 11),
(1338, 15, 2, 8),
(1339, 15, 2, 15),
(1340, 15, 2, 8),
(1341, 15, 2, 15),
(1342, 15, 2, 8),
(1343, 15, 2, 15),
(1344, 1, 1, 8),
(1345, 1, 1, 15),
(1346, 1, 1, 8),
(1347, 1, 1, 15),
(1348, 1, 1, 8),
(1349, 1, 1, 15),
(1350, 1, 1, 8),
(1351, 1, 1, 15),
(1352, 1, 1, 8),
(1353, 1, 1, 15),
(1354, 1, 1, 8),
(1355, 1, 1, 15),
(1356, 1, 1, 8),
(1357, 1, 1, 15),
(1358, 1, 1, 8),
(1359, 1, 1, 15),
(1360, 1, 1, 8),
(1361, 1, 1, 15),
(1362, 1, 1, 8),
(1363, 1, 1, 15),
(1364, 1, 1, 8),
(1365, 1, 1, 15),
(1366, 1, 1, 8),
(1367, 1, 1, 8),
(1368, 1, 1, 15),
(1369, 1, 1, 8),
(1370, 1, 1, 15),
(1371, 1, 1, 15),
(1372, 1, 1, 8),
(1373, 1, 1, 15),
(1374, 1, 1, 17),
(1375, 1, 1, 16),
(1376, 1, 1, 8),
(1377, 1, 1, 15),
(1378, 1, 1, 8),
(1379, 1, 1, 15),
(1380, 1, 1, 8),
(1381, 1, 1, 15),
(1382, 1, 1, 8),
(1383, 1, 1, 8),
(1384, 1, 1, 15),
(1385, 1, 1, 16),
(1386, 1, 1, 8),
(1387, 1, 1, 15),
(1388, 1, 1, 8),
(1389, 1, 1, 9),
(1390, 1, 1, 10),
(1391, 1, 1, 8),
(1392, 1, 1, 15),
(1393, 1, 1, 8),
(1394, 1, 1, 16),
(1395, 1, 1, 8),
(1396, 1, 1, 15),
(1397, 1, 1, 8),
(1398, 1, 1, 15),
(1399, 1, 1, 8),
(1400, 1, 1, 15),
(1401, 1, 1, 8),
(1402, 1, 1, 15),
(1403, 1, 1, 8),
(1404, 1, 1, 15),
(1405, 1, 1, 8),
(1406, 1, 1, 15),
(1407, 1, 1, 8),
(1408, 1, 1, 15),
(1409, 1, 1, 8),
(1410, 1, 1, 15),
(1411, 1, 1, 8),
(1412, 1, 1, 15),
(1413, 1, 1, 16),
(1414, 1, 1, 8),
(1415, 1, 1, 15),
(1416, 1, 1, 17),
(1417, 1, 1, 16),
(1418, 1, 1, 8),
(1419, 1, 1, 15),
(1420, 1, 1, 8),
(1421, 1, 1, 15),
(1422, 1, 1, 8),
(1423, 1, 1, 15),
(1424, 1, 1, 8),
(1425, 1, 1, 9),
(1426, 1, 1, 10),
(1427, 1, 1, 17),
(1428, 1, 1, 16),
(1429, 1, 1, 8),
(1430, 1, 1, 15),
(1431, 1, 1, 8),
(1432, 1, 1, 15),
(1433, 1, 1, 8),
(1434, 1, 1, 15),
(1435, 1, 1, 8),
(1436, 1, 1, 15),
(1437, 1, 1, 8),
(1438, 1, 1, 15),
(1439, 1, 1, 8),
(1440, 1, 1, 15),
(1441, 1, 1, 8),
(1442, 1, 1, 15),
(1443, 1, 1, 8),
(1444, 1, 1, 8),
(1445, 1, 1, 15),
(1446, 1, 1, 15),
(1447, 1, 1, 8),
(1448, 1, 1, 15),
(1449, 1, 1, 8),
(1450, 1, 1, 15),
(1451, 1, 1, 8),
(1452, 1, 1, 15),
(1453, 1, 1, 8),
(1454, 1, 1, 8),
(1455, 1, 1, 15),
(1456, 1, 1, 16),
(1457, 1, 1, 8),
(1458, 1, 1, 15),
(1459, 1, 1, 8),
(1460, 1, 1, 15),
(1461, 1, 1, 8),
(1462, 1, 1, 15),
(1463, 1, 1, 16),
(1464, 1, 1, 8),
(1465, 1, 1, 15),
(1466, 1, 1, 8),
(1467, 1, 1, 15),
(1468, 1, 1, 16),
(1469, 0, 0, 5),
(1470, 0, 0, 9),
(1471, 0, 0, 17),
(1472, 0, 0, 7),
(1473, 0, 0, 16),
(1474, 0, 0, 10),
(1475, 0, 0, 9),
(1476, 0, 0, 17),
(1477, 0, 0, 7),
(1478, 0, 0, 16),
(1479, 0, 0, 10),
(1480, 0, 0, 9),
(1481, 1, 1, 8),
(1482, 1, 1, 15),
(1483, 1, 1, 8),
(1484, 1, 1, 9),
(1485, 1, 1, 10),
(1486, 1, 1, 8),
(1487, 1, 1, 15),
(1488, 1, 1, 8),
(1489, 1, 1, 15),
(1490, 0, 0, 5),
(1491, 0, 0, 9),
(1492, 0, 0, 17),
(1493, 0, 0, 7),
(1494, 0, 0, 16),
(1495, 0, 0, 10),
(1496, 0, 0, 5),
(1497, 0, 0, 17),
(1498, 0, 0, 9),
(1499, 0, 0, 7),
(1500, 0, 0, 16),
(1501, 0, 0, 10),
(1502, 0, 0, 7),
(1503, 0, 0, 5),
(1504, 0, 0, 16),
(1505, 0, 0, 17),
(1506, 0, 0, 10),
(1507, 0, 0, 5),
(1508, 0, 0, 9),
(1509, 0, 0, 17),
(1510, 0, 0, 7),
(1511, 0, 0, 16),
(1512, 0, 0, 10),
(1513, 0, 0, 5),
(1514, 0, 0, 9),
(1515, 0, 0, 17),
(1516, 0, 0, 7),
(1517, 0, 0, 16),
(1518, 0, 0, 10),
(1519, 1, 1, 8),
(1520, 1, 1, 15),
(1521, 1, 1, 8),
(1522, 1, 1, 15),
(1523, 1, 1, 8),
(1524, 1, 1, 15),
(1525, 1, 1, 8),
(1526, 1, 1, 15),
(1527, 1, 1, 8),
(1528, 1, 1, 15),
(1529, 1, 1, 8),
(1530, 1, 1, 15),
(1531, 1, 1, 8),
(1532, 1, 1, 15),
(1533, 0, 0, 5),
(1534, 0, 0, 9),
(1535, 0, 0, 17),
(1536, 0, 0, 16),
(1537, 0, 0, 7),
(1538, 0, 0, 10),
(1539, 1, 1, 8),
(1540, 1, 1, 15),
(1541, 0, 0, 16),
(1542, 0, 0, 7),
(1543, 0, 0, 10),
(1544, 0, 0, 5),
(1545, 0, 0, 17),
(1546, 0, 0, 9),
(1547, 0, 0, 16),
(1548, 0, 0, 7),
(1549, 0, 0, 10),
(1550, 0, 0, 5),
(1551, 0, 0, 17),
(1552, 0, 0, 9),
(1553, 0, 0, 16),
(1554, 0, 0, 7),
(1555, 0, 0, 10),
(1556, 0, 0, 5),
(1557, 0, 0, 17),
(1558, 0, 0, 9),
(1559, 0, 0, 16),
(1560, 0, 0, 7),
(1561, 0, 0, 10),
(1562, 0, 0, 5),
(1563, 0, 0, 17),
(1564, 0, 0, 9),
(1565, 0, 0, 16),
(1566, 0, 0, 7),
(1567, 0, 0, 10),
(1568, 0, 0, 5),
(1569, 0, 0, 17),
(1570, 0, 0, 9),
(1571, 0, 0, 16),
(1572, 0, 0, 17),
(1573, 0, 0, 16),
(1574, 0, 0, 7),
(1575, 0, 0, 10),
(1576, 0, 0, 5),
(1577, 0, 0, 17),
(1578, 0, 0, 9),
(1579, 0, 0, 7),
(1580, 0, 0, 17),
(1581, 0, 0, 16),
(1582, 0, 0, 10);

-- --------------------------------------------------------

--
-- Table structure for table `score`
--

CREATE TABLE `score` (
  `id` int(11) NOT NULL,
  `user` varchar(30) NOT NULL,
  `game_type` int(2) NOT NULL,
  `score` double NOT NULL
) ENGINE=MyISAM DEFAULT CHARSET=utf8;

--
-- Dumping data for table `score`
--

INSERT INTO `score` (`id`, `user`, `game_type`, `score`) VALUES
(1, 'aRn1', 1, 2376.265),
(2, 'knappix', 1, 283.57),
(3, 'knappix', 1, 121.035),
(4, 'aRn1', 1, 1203.52),
(5, 'knappix', 1, 229.345),
(6, 'knappix', 1, 132.44),
(7, 'knappix', 1, 129.63),
(8, 'knappix', 2, 942.62),
(9, 'knappix', 2, 943.8),
(10, 'host', 1, 1196.62),
(11, 'host', 1, 148.72),
(12, 'host', 1, 148.043333333),
(13, 'host', 1, 143.253333333),
(14, 'host', 1, 324.06),
(15, 'host', 1, 614.836666667),
(16, 'host', 1, 206.84),
(17, 'host', 1, 2359.6),
(18, 'host', 1, 3650.54333333),
(19, 'host', 1, 138.45),
(20, 'host', 1, 140.16),
(21, 'host', 1, 2362.085),
(22, 'host', 1, 119.475),
(23, 'host', 1, 2345.9),
(24, 'host', 1, 169.19),
(25, 'host', 1, 2329.285),
(26, 'host', 1, 143.565),
(27, 'host', 1, 111.245),
(28, 'host', 1, 94.94),
(29, 'host', 1, 127.07),
(30, 'host', 1, 240.485),
(31, 'host', 1, 146.08),
(32, 'host', 1, 143.805),
(33, 'host', 1, 119.32),
(34, 'host', 1, 2348.2),
(35, 'host', 1, 87.925),
(36, 'host', 1, 2362.28),
(37, 'host', 1, 2364.385),
(38, 'host', 1, 173.18),
(39, 'host', 1, 189.73),
(40, 'host', 1, 199.785),
(41, 'host', 1, 160.26),
(42, 'host', 1, 260.186666667),
(43, 'host', 1, 125.57),
(44, 'host', 1, 127.81),
(45, 'host', 1, 140.59),
(46, 'host', 1, 3649.89333333),
(47, 'host', 1, 130.49),
(48, 'host', 1, 1170.27),
(49, 'host', 1, 233.2),
(50, 'host', 2, 46.65),
(51, 'host', 1, 2344.25),
(52, 'host', 1, 305.885),
(53, 'host', 1, 1194.03),
(54, 'host', 1, 98.885),
(55, 'host', 1, 2361.055),
(56, 'host', 1, 2351.24),
(57, 'host', 1, 2356.765),
(58, 'host', 1, 197.053333333),
(59, 'host', 1, 144.97),
(60, 'host', 1, 139.66),
(61, 'host', 1, 135.23),
(62, 'host', 1, 129.865),
(63, 'host', 1, 122.245),
(64, 'host', 1, 117.595),
(65, 'host', 1, 161.815),
(66, 'host', 1, 140.125),
(67, 'host', 1, 135.485),
(68, 'host', 1, 131.07),
(69, 'host', 1, 126.775),
(70, 'host', 1, 121.8),
(71, 'host', 1, 112.43),
(72, 'host', 1, 269.11),
(73, 'host', 1, 110.86),
(74, 'host', 1, 105.48),
(75, 'host', 1, 3655.89333333),
(76, 'host', 1, 227.266666667),
(77, 'host', 1, 126.84),
(78, 'host', 1, 91.89),
(79, 'host', 1, 148.86),
(80, 'host', 1, 138.895),
(81, 'host', 1, 2323.935),
(82, 'host', 1, 178.245),
(83, 'host', 1, 142.3),
(84, 'host', 1, 2351.8),
(85, 'host', 1, 207.725),
(86, 'host', 1, 0),
(87, 'host', 1, 120),
(88, 'host', 1, 143.245),
(89, 'host', 1, 296.1),
(90, 'host', 1, 116.65),
(91, 'host', 1, 138.64),
(92, 'host', 1, 2370.185),
(93, 'host', 1, 2371.6),
(94, 'host', 2, 2078.91),
(95, 'host', 1, 151.83),
(96, 'host', 1, 160.555),
(97, 'host', 1, 2357.835),
(98, 'host', 1, 2322.49),
(99, 'host', 1, 3654.01666667),
(100, 'host', 2, 2.8),
(101, 'host', 1, 256.85),
(102, 'host', 2, 2065.035),
(103, 'host', 1, 3652.53),
(104, 'host', 2, 0),
(105, 'host', 2, 33.7833333333),
(106, 'host', 1, 137.86),
(107, 'host', 1, 123.53),
(108, 'host', 2, 3250.22666667),
(109, 'host', 1, 2342.615),
(110, 'host', 1, 323.31),
(111, 'host', 1, 282.245),
(112, 'host', 1, 122.65),
(113, 'host', 1, 2354.495),
(114, 'host', 1, 181.9),
(115, 'host', 1, 247.245),
(116, 'host', 1, 208.525),
(117, 'host', 1, 2331.69),
(118, 'host', 1, 186.325),
(119, 'host', 1, 180.885),
(120, 'host', 1, 2304.02),
(121, 'host', 1, 235.39),
(122, 'host', 1, 262.815),
(123, 'host', 1, 140.11),
(124, 'host', 1, 168.835),
(125, 'host', 1, 2344.255),
(126, 'host', 1, 142.715),
(127, 'host', 1, 148.29),
(128, 'host', 1, 2321.48),
(129, 'host', 1, 149.46),
(130, 'host', 1, 138.206666667),
(131, 'host', 1, 136.063333333),
(132, 'host', 1, 139.175),
(133, 'host', 1, 2362.245),
(134, 'host', 1, 138.97),
(135, 'host', 2, 99.3633333333),
(136, 'host', 1, 144.38),
(137, 'host', 1, 136.04),
(138, 'host', 1, 127.48),
(139, 'host', 1, 124.53),
(140, 'host', 1, 122.3),
(141, 'host', 1, 117.97),
(142, 'host', 1, 113.9),
(143, 'host', 1, 109.9),
(144, 'host', 1, 106.76),
(145, 'host', 1, 103.57),
(146, 'host', 1, 100.12),
(147, 'host', 1, 145.27),
(148, 'host', 1, 94.3),
(149, 'host', 1, 30.27),
(150, 'host', 1, 143.015),
(151, 'host', 1, 207.425),
(152, 'host', 1, 197.42),
(153, 'host', 1, 2330.85),
(154, 'host', 1, 18.025),
(155, 'host', 1, 2349.135),
(156, 'host', 1, 210.31),
(157, 'host', 1, 152.775),
(158, 'host', 1, 141.585),
(159, 'host', 1, 209.955),
(160, 'host', 2, 0),
(161, 'host', 1, 2331.235),
(162, 'host', 1, 138.67),
(163, 'host', 2, 2083.125),
(164, 'host', 2, 2061.5),
(165, 'host', 2, 2078.23),
(166, 'host', 1, 1169.4),
(167, 'host', 1, 2341.2),
(168, 'host', 1, 231.26),
(169, 'host', 1, 297.92),
(170, 'host', 1, 488.133333333),
(171, 'host', 1, 2360.02),
(172, 'host', 1, 2354.29),
(173, 'host', 2, 7.335),
(174, 'host', 1, 131.665),
(175, 'host', 1, 2348.35),
(176, 'host', 1, 254.185),
(177, 'host', 1, 112.35),
(178, 'host', 1, 308.8),
(179, 'host', 1, 216.295),
(180, 'host', 2, 2045.495),
(181, 'host', 1, 255.3),
(182, 'host', 2, 44.545),
(183, 'host', 1, 93.95),
(184, 'host', 1, 173.15),
(185, 'dykapero', 1, 325.195),
(186, 'dykapero', 1, 103.16),
(187, 'host', 1, 2368.695),
(188, 'dykapero', 1, 2372.61),
(189, 'dykapero', 2, 21.696666666699997),
(190, 'dykapero', 1, 294.46),
(191, 'dykapero', 1, 3670.91),
(192, 'host', 2, 2010.335),
(193, 'host', 1, 2291.885),
(194, 'host', 1, 142.62),
(195, 'host', 1, 149.505),
(196, 'host', 2, 0),
(197, 'host', 2, 102.676666667),
(198, 'host', 1, 2371.19),
(199, 'host', 2, 2065.895),
(200, 'host', 2, 22.23),
(201, 'host', 1, 138.575),
(202, 'host', 1, 128.215),
(203, 'host', 1, 87.805),
(204, 'host', 1, 108.635),
(205, 'host', 1, 2323.99),
(206, 'host', 1, 238.98),
(207, 'host', 1, 220.905),
(208, 'xtwonine', 1, 2343.69),
(209, 'host', 1, 130.245),
(210, 'host', 1, 153.28),
(211, 'xtwonine', 1, 2357.415),
(212, 'host', 1, 2342.03),
(213, 'host', 1, 256.42),
(214, 'xtwonine', 1, 2366.66),
(215, 'host', 1, 179.805),
(216, 'host', 1, 2332.89),
(217, 'xtwonine', 1, 628.49),
(218, 'xtwonine', 1, 3666.09666667),
(219, 'host', 1, 68.64),
(220, 'xtwonine', 1, 205.783333333),
(221, 'host', 1, 132.205),
(222, 'xtwonine', 1, 522.983333333),
(223, 'xtwonine', 1, 549.006666667),
(224, 'xtwonine', 1, 405.96),
(225, 'xtwonine', 1, 320.23),
(226, 'xtwonine', 1, 348.5),
(227, 'xtwonine', 1, 596.62),
(228, 'xtwonine', 1, 174.993333333),
(229, 'host', 1, 1028.92),
(230, 'xtwonine', 1, 490.026666667),
(231, 'host', 1, 2326.18),
(232, 'xtwonine', 1, 427.83),
(233, 'host', 1, 1161.43),
(234, 'Nexus', 1, 229.38),
(235, 'aRn1', 1, 264.403333333),
(236, 'aRn1', 1, 3675.90666667),
(237, 'Nexus', 1, 142.275),
(238, 'Nexus', 1, 2362),
(239, 'Nexus', 1, 2376.415),
(240, 'Nexus', 1, 350.066666667),
(241, 'host', 1, 169.63),
(242, 'Nexus', 1, 552.916666667),
(243, 'Nexus', 1, 3665.12666667),
(244, 'Nexus', 1, 615.723333333),
(245, 'host', 1, 149.465),
(246, 'Nexus', 1, 236.68),
(247, 'host', 1, 181.73),
(248, 'Nexus', 1, 411.476666667),
(249, 'Nexus', 1, 207.083333333),
(250, 'Nexus', 1, 3670.43),
(251, 'Nexus', 1, 353.186666667),
(252, 'Nexus', 1, 524.846666667),
(253, 'host', 1, 110.61),
(254, 'Nexus', 1, 3671.68666667),
(255, 'host', 1, 120.005),
(256, 'host', 1, 143.36),
(257, 'host', 1, 228.055),
(258, 'host', 1, 2340.08),
(259, 'host', 1, 252.585),
(260, 'host', 1, 245.45),
(261, 'Nexus', 1, 494.776666667),
(262, 'host', 2, 0),
(263, 'host', 2, 40.5633333333),
(264, 'Nexus', 1, 3675.14666667),
(265, 'host', 1, 140.89),
(266, 'host', 1, 66.445),
(267, 'aRn1', 1, 165.7),
(268, 'host', 1, 73.415),
(269, 'host', 1, 152.64),
(270, 'host', 1, 238.32),
(271, 'host', 2, 22.38),
(272, 'host', 2, 962.85),
(273, 'host', 2, 3151.30666667),
(274, 'host', 1, 125.14),
(275, 'host', 1, 126.675),
(276, 'host', 1, 80.5),
(277, 'host', 1, 125.065),
(278, 'host', 1, 245.205),
(279, 'host', 1, 274.535),
(280, 'host', 1, 143.405),
(281, 'host', 1, 2344.005),
(282, 'host', 1, 172.99),
(283, 'host', 1, 3649.19),
(284, 'host', 1, 3653.53333333),
(285, 'host', 1, 0),
(286, 'host', 1, 205.92),
(287, 'host', 1, 144.225),
(288, 'host', 1, 141.94),
(289, 'host', 1, 141.62),
(290, 'host', 1, 149.04),
(291, 'host', 1, 114.885),
(292, 'host', 1, 93.26),
(293, 'host', 2, 13.735),
(294, 'host', 1, 134.2),
(295, 'host', 1, 273.905),
(296, 'host', 1, 160.145),
(297, 'host', 2, 2042.345),
(298, 'host', 2, 947.45),
(299, 'host', 1, 122.65),
(300, 'host', 1, 80.76),
(301, 'host', 1, 103.33),
(302, 'host', 1, 2364.865),
(303, 'host', 1, 2329.99),
(304, 'host', 1, 2352.85),
(305, 'izidor', 1, 296.77),
(306, 'izidor', 1, 2351.805),
(307, 'izidor', 1, 2355.145),
(308, 'host', 1, 97.49),
(309, 'host', 1, 145.6),
(310, 'host', 1, 123.905),
(311, 'host', 1, 129.375),
(312, 'host', 1, 2321.085),
(313, 'host', 1, 206.425),
(314, 'host', 1, 2350.19),
(315, 'host', 1, 128.205),
(316, 'host', 1, 136.115),
(317, 'host', 1, 138.075),
(318, 'host', 1, 251.565),
(319, 'host', 1, 127.025),
(320, 'host', 1, 296.915),
(321, 'host', 1, 2370.3),
(322, 'host', 1, 2310.125),
(323, 'host', 1, 209.24),
(324, 'host', 1, 2327.56),
(325, 'host', 1, 2352.675),
(326, 'host', 1, 2366.09),
(327, 'host', 2, 0),
(328, 'host', 1, 286.036666667),
(329, 'host', 1, 184.58),
(330, 'host', 1, 3635.57333333),
(331, 'host', 2, 0),
(332, 'host', 2, 0),
(333, 'TecHniCs', 1, 133.825),
(334, 'TecHniCs', 1, 140.015),
(335, 'TecHniCs', 1, 126.55),
(336, 'TecHniCs', 1, 1108.21),
(337, 'TecHniCs', 1, 1121.49),
(338, 'TecHniCs', 1, 154.02),
(339, 'host', 1, 148.55),
(340, 'host', 1, 150.775),
(341, 'host', 2, 14.485),
(342, 'host', 1, 2351.89),
(343, 'host', 1, 2363.705),
(344, 'host', 2, 2072.13),
(345, 'host', 1, 1204.42),
(346, 'TecHniCs', 1, 1172.13),
(347, 'TecHniCs', 1, 1181.01),
(348, 'TecHniCs', 2, 0),
(349, 'host', 1, 147.355),
(350, 'host', 1, 177.243333333),
(351, 'host', 1, 496.853333333),
(352, 'knappix', 1, 440.973333333),
(353, 'knappix', 1, 177.7),
(354, 'knappix', 1, 3667.97333333),
(355, 'knappix', 1, 585.516666667),
(356, 'knappix', 1, 3673.45666667),
(357, 'knappix', 1, 382.616666667),
(358, 'knappix', 1, 352),
(359, 'knappix', 1, 3675.58),
(360, 'knappix', 2, 37.485),
(361, 'penis', 1, 309.766666667),
(362, 'penis', 1, 3667.74666667),
(363, 'penis', 1, 466.033333333),
(364, 'penis', 1, 3670.4),
(365, 'penis', 1, 2373.4),
(366, 'penis', 1, 3674.26666667),
(367, 'penis', 1, 3671.1),
(368, 'knappix', 1, 139.25),
(369, 'knappix', 1, 192.43),
(370, 'host', 1, 157.28),
(371, 'host', 1, 232.173333333),
(372, 'host', 1, 519.223333333),
(373, 'host', 2, 0),
(374, 'host', 2, 109.53),
(375, 'host', 2, 41.333333333300004),
(376, 'host', 1, 0),
(377, 'host', 1, 288.94),
(378, 'host', 1, 147.375),
(379, 'host', 1, 133.925),
(380, 'host', 1, 314.695),
(381, 'host', 1, 199.533333333),
(382, 'host', 1, 64.01),
(383, 'host', 1, 2328.495),
(384, 'host', 1, 244.345),
(385, 'host', 1, 159.315),
(386, 'host', 1, 2334.04),
(387, 'host', 1, 200.61),
(388, 'host', 1, 321.24),
(389, 'host', 1, 214.103333333),
(390, 'host', 1, 2316.41),
(391, 'host', 1, 3634.69),
(392, 'host', 2, 26.6833333333),
(393, 'host', 2, 6.54333333333),
(394, 'host', 2, 17.445),
(395, 'host', 1, 162.775),
(396, 'host', 1, 153.705),
(397, 'aRn1', 1, 198.88),
(398, 'host', 1, 0),
(399, 'Matchi', 1, 0),
(400, 'host', 2, 0),
(401, 'Matchi', 1, 149.61),
(402, 'Matchi', 1, 122.5),
(403, 'Matchi', 1, 270.105),
(404, 'Matchi', 1, 191.47),
(405, 'host', 1, 159.465),
(406, 'host', 2, 1979.01),
(407, 'host', 1, 271.65),
(408, 'host', 1, 148.935),
(409, 'host', 1, 69.47),
(410, 'host', 1, 34.785),
(411, 'host', 1, 124.675),
(412, 'host', 1, 195.45),
(413, 'host', 1, 174.363333333),
(414, 'host', 1, 253.915),
(415, 'host', 1, 143.58),
(416, 'host', 1, 152.62),
(417, 'host', 1, 111.66),
(418, 'host', 1, 149.515),
(419, 'host', 1, 131.61),
(420, 'host', 1, 2354.345),
(421, 'host', 1, 238.32),
(422, 'host', 1, 2367.68),
(423, 'host', 1, 339.393333333),
(424, 'knappix', 1, 3854.51666667),
(425, 'host', 1, 147.165),
(426, 'host', 1, 106.97),
(427, 'host', 1, 197.64),
(428, 'host', 1, 174.115),
(429, 'host', 1, 2397.94),
(430, 'host', 2, 0),
(431, 'host', 2, 2091.42),
(432, 'host', 2, 19.29),
(433, 'host', 1, 2368.21),
(434, 'host', 2, 0),
(435, 'host', 1, 159.94),
(436, 'host', 1, 134.75),
(437, 'host', 1, 207.255),
(438, 'host', 1, 189.96),
(439, 'host', 2, 0),
(440, 'host', 1, 40.595),
(441, 'host', 1, 144.53),
(442, 'host', 1, 271.385),
(443, 'host', 1, 2385.355),
(444, 'host', 1, 148.175),
(445, 'host', 2, 0),
(446, 'host', 2, 0),
(447, 'host', 1, 131.27),
(448, 'host', 1, 77.835),
(449, 'host', 1, 111.22),
(450, 'host', 1, 100.87),
(451, 'host', 1, 2412.09),
(452, 'host', 2, 45.46),
(453, 'host', 1, 272.28),
(454, 'host', 2, 940.39),
(455, 'host', 2, 973.71),
(456, 'host', 1, 149.586666667),
(457, 'host', 1, 118.595),
(458, 'host', 1, 167.865),
(459, 'host', 1, 2399.855),
(460, 'host', 2, 39.15),
(461, 'host', 1, 204.555),
(462, 'host', 2, 2070.03),
(463, 'host', 1, 307.645),
(464, 'host', 1, 2337.655),
(465, 'host', 1, 341.32),
(466, 'host', 1, 331.115),
(467, 'host', 1, 338.67),
(468, 'host', 1, 339.5),
(469, 'host', 1, 357.68),
(470, 'host', 1, 1201.88),
(471, 'host', 1, 323.53),
(472, 'host', 1, 336.61),
(473, 'host', 1, 2370.345),
(474, 'host', 1, 224.86),
(475, 'host', 1, 379.56),
(476, 'host', 2, 978.18),
(477, 'host', 1, 2423.11),
(478, 'host', 2, 20.78),
(479, 'host', 2, 3256.41666667),
(480, 'host', 1, 157.265),
(481, 'host', 2, 2079.355),
(482, 'host', 1, 651.063333333),
(483, 'host', 2, 3240.97),
(484, 'host', 1, 1203.39),
(485, 'host', 2, 18.59),
(486, 'host', 2, 977.46),
(487, 'host', 2, 78.4433333333),
(488, 'host', 1, 196.71),
(489, 'host', 1, 180.485),
(490, 'host', 2, 0),
(491, 'host', 1, 144.07),
(492, 'host', 2, 0),
(493, 'host', 1, 227.815),
(494, 'host', 1, 315.195),
(495, 'host', 1, 134.325),
(496, 'host', 1, 129.73),
(497, 'host', 1, 316.466666667),
(498, 'host', 2, 11.52),
(499, 'host', 1, 2402.485),
(500, 'host', 1, 288.183333333),
(501, 'host', 2, 138.43),
(502, 'host', 1, 2417.83),
(503, 'host', 2, 22.425),
(504, 'host', 1, 145.575),
(505, 'host', 1, 94.535),
(506, 'host', 1, 47.79),
(507, 'host', 1, 145.65),
(508, 'host', 1, 146.04),
(509, 'host', 1, 145.2),
(510, 'host', 1, 143.84),
(511, 'host', 1, 156.78),
(512, 'host', 1, 362.71),
(513, 'host', 1, 249.075),
(514, 'host', 1, 285.56),
(515, 'host', 1, 188.295),
(516, 'host', 1, 2387.74),
(517, 'host', 1, 2397.59),
(518, 'host', 1, 149.035),
(519, 'host', 1, 193.395),
(520, 'host', 1, 140.595),
(521, 'host', 1, 1174.21),
(522, 'host', 1, 149.625),
(523, 'host', 1, 2368.755),
(524, 'host', 1, 207.905),
(525, 'host', 1, 124.845),
(526, 'host', 1, 185.91),
(527, 'host', 1, 196.05),
(528, 'host', 1, 349.46),
(529, 'host', 1, 2404.465),
(530, 'host', 2, 2061.63),
(531, 'host', 1, 2424.5),
(532, 'host', 1, 334.105),
(533, 'ProTom', 1, 228.04),
(534, 'ProTom', 1, 355.64),
(535, 'ProTom', 2, 13.235),
(536, 'ProTom', 2, 0),
(537, 'ProTom', 2, 2080.755),
(538, 'ProTom', 1, 297.755),
(539, 'ProTom', 2, 39.33),
(540, 'ProTom', 2, 123.773333333),
(541, 'ProTom', 2, 2071.43),
(542, 'ProTom', 2, 22.73),
(543, 'ProTom', 2, 2073.42),
(544, 'host', 1, 149.605),
(545, 'host', 1, 185.485),
(546, 'host', 1, 2414.135),
(547, 'host', 1, 350.935),
(548, 'host', 1, 351.263333333),
(549, 'host', 1, 630.993333333),
(550, 'host', 1, 262.73),
(551, 'host', 2, 0),
(552, 'host', 1, 231.4),
(553, 'host', 1, 181.245),
(554, 'host', 1, 200.64),
(555, 'host', 1, 2416.355),
(556, 'host', 1, 165.76333333333),
(557, 'host', 1, 354.15),
(558, 'host', 2, 0),
(559, 'host', 1, 493.67333333333),
(560, 'host', 1, 279.6),
(561, 'host', 1, 2432.245),
(562, 'host', 1, 257.015),
(563, 'host', 1, 134.02),
(564, 'host', 1, 280.885),
(565, 'host', 1, 177.775),
(566, 'host', 2, 963.32),
(567, 'host', 1, 157.73),
(568, 'host', 1, 157.6),
(569, 'host', 1, 236.935),
(570, 'host', 1, 218.925),
(571, 'host', 1, 151.18),
(572, 'host', 1, 236.91),
(573, 'host', 1, 315.13),
(574, 'host', 1, 197.225),
(575, 'host', 1, 2393.1),
(576, 'host', 1, 266.46),
(577, 'host', 1, 436.54333333333),
(578, 'host', 2, 0),
(579, 'host', 2, 21.385),
(580, 'host', 2, 2078.78),
(581, 'host', 1, 1205.67),
(582, 'host', 1, 251.86),
(583, 'host', 1, 215.99),
(584, 'host', 1, 142.645),
(585, 'host', 1, 324.36333333333),
(586, 'host', 1, 250.21),
(587, 'host', 2, 2083.37),
(588, 'host', 1, 2324.585),
(589, 'host', 1, 845.49),
(590, 'host', 1, 174.025),
(591, 'host', 1, 285.44),
(592, 'host', 1, 324.58),
(593, 'host', 1, 144.02),
(594, 'host', 1, 263.84),
(595, 'host', 2, 2069.92),
(596, 'host', 1, 250.305),
(597, 'host', 2, 28.19),
(598, 'host', 1, 141.64),
(599, 'host', 1, 125.965),
(600, 'host', 2, 11.99),
(601, 'host', 1, 166.57),
(602, 'host', 1, 264.98),
(603, 'host', 1, 2417.58),
(604, 'host', 1, 147.12),
(605, 'host', 1, 190.89),
(606, 'host', 1, 2408.635),
(607, 'host', 1, 337.94),
(608, 'host', 1, 304.845),
(609, 'host', 1, 144.635),
(610, 'host', 1, 310.215),
(611, 'host', 1, 248.525),
(612, 'host', 1, 374.26666666667);

-- --------------------------------------------------------

--
-- Table structure for table `survey`
--

CREATE TABLE `survey` (
  `id` int(11) NOT NULL,
  `gender` enum('male','female') NOT NULL,
  `age` int(3) NOT NULL,
  `type_gui` int(2) NOT NULL,
  `gui_score` int(2) NOT NULL,
  `note` varchar(250) DEFAULT NULL
) ENGINE=MyISAM DEFAULT CHARSET=utf8;

--
-- Dumping data for table `survey`
--

INSERT INTO `survey` (`id`, `gender`, `age`, `type_gui`, `gui_score`, `note`) VALUES
(1, 'male', 23, 2, 10, 'Pěkná práce'),
(2, 'male', 23, 2, 9, 'FUCK YOU MARTIN!'),
(3, 'male', 23, 1, 8, 'super hra'),
(4, 'male', 22, 1, 10, 'Do you have any ideas for improvement?'),
(5, 'male', 20, 1, 1, 'Do you have any ideas for improvement?'),
(6, 'male', 26, 1, 1, 'add some sounds'),
(7, 'male', 29, 1, 10, 'I want bitch under my table to suck my dick while i play the game ^^'),
(8, 'male', 22, 1, 9, 'Nelibi se mi barevne schema, ta modra s ruzovou je pekne tepla. Jinak fajn ^^'),
(9, 'male', 22, 2, 9, ''),
(10, 'male', 23, 1, 1, 'Do you have any ideas for improvement?'),
(11, 'male', 22, 1, 7, 'jmeno na konci > registrace\r\nchybi ovladani pouze klavesnici (tj i start)\r\nstart tlacitko reaguje jen pri kliknuti na slov start a ne na tlacitko start\r\npo ukonceni hry se neuklada posledni pozite nastaveni hry'),
(12, 'male', 12, 2, 1, 'Do you have any ideas for improvement?'),
(13, 'male', 22, 1, 10, 'Do you have any ideas for improvement?'),
(14, 'male', 22, 1, 10, 'Do you have any ideas for improvement?'),
(15, 'male', 13, 2, 1, 'Do you have any ideas for improvement?');

-- --------------------------------------------------------

--
-- Table structure for table `type_gui`
--

CREATE TABLE `type_gui` (
  `id` int(11) NOT NULL,
  `type` varchar(20) NOT NULL
) ENGINE=MyISAM DEFAULT CHARSET=utf8;

--
-- Dumping data for table `type_gui`
--

INSERT INTO `type_gui` (`id`, `type`) VALUES
(1, 'bore'),
(2, 'simple');

-- --------------------------------------------------------

--
-- Table structure for table `useraccounts`
--

CREATE TABLE `useraccounts` (
  `id` int(11) NOT NULL,
  `id_axiory` int(11) DEFAULT NULL,
  `id_sponzor` int(11) DEFAULT NULL,
  `role` int(11) NOT NULL,
  `email` varchar(45) NOT NULL,
  `password` varchar(16) NOT NULL,
  `name` varchar(25) NOT NULL,
  `midname` varchar(25) DEFAULT NULL,
  `surname` varchar(25) NOT NULL,
  `title` int(11) NOT NULL,
  `birthday` date NOT NULL,
  `company` varchar(25) DEFAULT NULL,
  `company_pos` varchar(25) DEFAULT NULL,
  `id_number` varchar(20) NOT NULL,
  `nationality` int(11) NOT NULL,
  `phone` varchar(15) NOT NULL,
  `address` varchar(50) NOT NULL,
  `city` varchar(30) NOT NULL,
  `zip` varchar(20) NOT NULL,
  `country` int(11) NOT NULL,
  `registered` timestamp NOT NULL DEFAULT CURRENT_TIMESTAMP ON UPDATE CURRENT_TIMESTAMP,
  `approved` timestamp NULL DEFAULT NULL
) ENGINE=MyISAM DEFAULT CHARSET=utf8;

-- --------------------------------------------------------

--
-- Table structure for table `userdocument`
--

CREATE TABLE `userdocument` (
  `id` int(11) NOT NULL,
  `id_user` int(11) NOT NULL,
  `id_document` int(11) NOT NULL,
  `path` varchar(50) NOT NULL
) ENGINE=MyISAM DEFAULT CHARSET=utf8;

-- --------------------------------------------------------

--
-- Table structure for table `userfininfo`
--

CREATE TABLE `userfininfo` (
  `id` int(11) NOT NULL,
  `id_user` int(11) NOT NULL,
  `education_level` int(11) NOT NULL,
  `trading_exp` bit(1) NOT NULL,
  `instruments` int(11) DEFAULT NULL,
  `annual_income` int(11) DEFAULT NULL,
  `net_worth` int(11) DEFAULT NULL,
  `liquid_assets` int(11) DEFAULT NULL,
  `employ_state` int(11) DEFAULT NULL,
  `funds_origin` int(11) DEFAULT NULL,
  `bancrupt` bit(1) DEFAULT NULL
) ENGINE=MyISAM DEFAULT CHARSET=utf8;

-- --------------------------------------------------------

--
-- Table structure for table `userlogs`
--

CREATE TABLE `userlogs` (
  `id` int(11) NOT NULL,
  `id_user` int(11) NOT NULL,
  `ip_address` varchar(15) NOT NULL,
  `logged` timestamp NOT NULL DEFAULT CURRENT_TIMESTAMP ON UPDATE CURRENT_TIMESTAMP,
  `known` bit(1) NOT NULL
) ENGINE=MyISAM DEFAULT CHARSET=utf8;

-- --------------------------------------------------------

--
-- Table structure for table `users`
--

CREATE TABLE `users` (
  `id` int(11) NOT NULL,
  `nick` varchar(20) NOT NULL,
  `password` char(32) NOT NULL,
  `email` varchar(30) NOT NULL,
  `age` int(3) NOT NULL,
  `added` datetime NOT NULL,
  `hash` char(32) CHARACTER SET utf8 COLLATE utf8_unicode_ci NOT NULL,
  `state` int(1) UNSIGNED NOT NULL
) ENGINE=MyISAM DEFAULT CHARSET=utf8;

--
-- Dumping data for table `users`
--

INSERT INTO `users` (`id`, `nick`, `password`, `email`, `age`, `added`, `hash`, `state`) VALUES
(1, 'host', '', '', 0, '2011-10-16 00:47:52', '', 1),
(2, 'aRn1', '0bd28fc6226650be58106f929b2ea7a4', 'smetkat@email.cz', 23, '0000-00-00 00:00:00', '7efb11f9c65cb8165e698cc00e75cc5d', 1),
(4, 'knappix', '81dc9bdb52d04dc20036dbd8313ed055', 'knappix@gmail.com', 23, '0000-00-00 00:00:00', '6e34db80e4f82b6d9011fb76c8925f97', 1),
(5, 'polednic', '954aa3501cd1f2657a35ed2b3ce4567e', 'drobek.k@email.cz', 25, '0000-00-00 00:00:00', '49f6c65a6ca93bb3d1b0c7dd8afe0a54', 1),
(6, 'penis', 'c02b7d24a066adb747fdeb12deb21bfa', 'penis@penis.cz', 50, '0000-00-00 00:00:00', '756ed1d016d3ba544180d7a7c3d09b1a', 0),
(7, 'penis', 'c02b7d24a066adb747fdeb12deb21bfa', '01Joe@seznam.cz', 50, '0000-00-00 00:00:00', '363750251872fdae232677540043e283', 0),
(8, 'dykapero', 'c4dc8aa5e3a10c17d3ae26d99a827d03', 'dykapero@seznam.cz', 23, '0000-00-00 00:00:00', '549e29611178452b0b6b506548c02ab2', 1),
(9, 'xtwonine', 'e06deb2b5f20c07e5f0031246cb3e86e', 'xtwonine29@gmail.com', 22, '0000-00-00 00:00:00', 'a085dbc9743c3f2bdf9d6285b446b5e1', 1),
(10, 'Nexus', '8757ca5c0f5b59062d3a8dafde18cdf8', 'r.plocek@seznam.cz', 23, '0000-00-00 00:00:00', 'b5a213d19c6d540a4f93dab7d80e1fe2', 1),
(11, 'izidor', '5f4dcc3b5aa765d61d8327deb882cf99', 'izidor.matusov@gmail.com', 22, '0000-00-00 00:00:00', 'a1e3be2250394ef5b5755a6e3378705e', 1),
(12, 'TecHniCs', '7a1ef70e88d8af7b53d1533f9e82be4f', 'kratak1@centrum.cz', 12, '0000-00-00 00:00:00', '5e51c9f373313e3ab87d889dc44c5316', 1),
(13, 'penis', '827ccb0eea8a706c4c34a16891f84e7b', 'navratil.vojta@seznam.cz', 21, '0000-00-00 00:00:00', '0042504726bb4a09a6d07b9c3ebea578', 1),
(14, 'Matchi', 'a251149a8f90cea79808c499f0402b01', 'ondrej.macat@seznam.cz', 27, '0000-00-00 00:00:00', '6638c730b39b9d95da9e426adec49ba7', 1),
(15, 'ProTom', '25f9e794323b453885f5181f1b624d0b', 'Tomiknavratilu@seznam.cz', 13, '0000-00-00 00:00:00', 'fa7f1356ab4d9aac6fd24f1a40375444', 1);

-- --------------------------------------------------------

--
-- Table structure for table `usertransactions`
--

CREATE TABLE `usertransactions` (
  `id` int(11) NOT NULL,
  `id_user` int(11) NOT NULL,
  `transaction_type` int(11) NOT NULL,
  `time` timestamp NOT NULL DEFAULT CURRENT_TIMESTAMP ON UPDATE CURRENT_TIMESTAMP
) ENGINE=MyISAM DEFAULT CHARSET=utf8;

--
-- Indexes for dumped tables
--

--
-- Indexes for table `action`
--
ALTER TABLE `action`
  ADD PRIMARY KEY (`id`);

--
-- Indexes for table `enumcountries`
--
ALTER TABLE `enumcountries`
  ADD PRIMARY KEY (`id`);

--
-- Indexes for table `enumdocumenttypes`
--
ALTER TABLE `enumdocumenttypes`
  ADD PRIMARY KEY (`id`);

--
-- Indexes for table `enumeducationlevel`
--
ALTER TABLE `enumeducationlevel`
  ADD PRIMARY KEY (`id`);

--
-- Indexes for table `enumemployment`
--
ALTER TABLE `enumemployment`
  ADD PRIMARY KEY (`id`);

--
-- Indexes for table `enumfundsorigin`
--
ALTER TABLE `enumfundsorigin`
  ADD PRIMARY KEY (`id`);

--
-- Indexes for table `enumincome`
--
ALTER TABLE `enumincome`
  ADD PRIMARY KEY (`id`);

--
-- Indexes for table `enuminstrument`
--
ALTER TABLE `enuminstrument`
  ADD PRIMARY KEY (`id`);

--
-- Indexes for table `enumrole`
--
ALTER TABLE `enumrole`
  ADD PRIMARY KEY (`id`);

--
-- Indexes for table `enumtitles`
--
ALTER TABLE `enumtitles`
  ADD PRIMARY KEY (`id`);

--
-- Indexes for table `enumtransaction`
--
ALTER TABLE `enumtransaction`
  ADD PRIMARY KEY (`id`);

--
-- Indexes for table `game_type`
--
ALTER TABLE `game_type`
  ADD PRIMARY KEY (`id`);

--
-- Indexes for table `record`
--
ALTER TABLE `record`
  ADD PRIMARY KEY (`id`);

--
-- Indexes for table `score`
--
ALTER TABLE `score`
  ADD PRIMARY KEY (`id`);

--
-- Indexes for table `survey`
--
ALTER TABLE `survey`
  ADD PRIMARY KEY (`id`);

--
-- Indexes for table `type_gui`
--
ALTER TABLE `type_gui`
  ADD PRIMARY KEY (`id`);

--
-- Indexes for table `useraccounts`
--
ALTER TABLE `useraccounts`
  ADD PRIMARY KEY (`id`),
  ADD KEY `role` (`role`),
  ADD KEY `title` (`title`),
  ADD KEY `country` (`country`),
  ADD KEY `id_sponzor` (`id_sponzor`);

--
-- Indexes for table `userdocument`
--
ALTER TABLE `userdocument`
  ADD PRIMARY KEY (`id`),
  ADD KEY `id_document` (`id_document`),
  ADD KEY `id_user` (`id_user`);

--
-- Indexes for table `userfininfo`
--
ALTER TABLE `userfininfo`
  ADD PRIMARY KEY (`id`),
  ADD KEY `education_level` (`education_level`),
  ADD KEY `instruments` (`instruments`),
  ADD KEY `annual_income` (`annual_income`),
  ADD KEY `net_worth` (`net_worth`),
  ADD KEY `liquid_assets` (`liquid_assets`),
  ADD KEY `employ_state` (`employ_state`),
  ADD KEY `funds_origin` (`funds_origin`),
  ADD KEY `id_user` (`id_user`);

--
-- Indexes for table `userlogs`
--
ALTER TABLE `userlogs`
  ADD KEY `id_user` (`id_user`);

--
-- Indexes for table `users`
--
ALTER TABLE `users`
  ADD PRIMARY KEY (`id`);

--
-- Indexes for table `usertransactions`
--
ALTER TABLE `usertransactions`
  ADD PRIMARY KEY (`id`),
  ADD KEY `transaction_type` (`transaction_type`),
  ADD KEY `id_user` (`id_user`);

--
-- AUTO_INCREMENT for dumped tables
--

--
-- AUTO_INCREMENT for table `enumcountries`
--
ALTER TABLE `enumcountries`
  MODIFY `id` int(11) NOT NULL AUTO_INCREMENT;

--
-- AUTO_INCREMENT for table `enumdocumenttypes`
--
ALTER TABLE `enumdocumenttypes`
  MODIFY `id` int(11) NOT NULL AUTO_INCREMENT;

--
-- AUTO_INCREMENT for table `enumeducationlevel`
--
ALTER TABLE `enumeducationlevel`
  MODIFY `id` int(11) NOT NULL AUTO_INCREMENT;

--
-- AUTO_INCREMENT for table `enumemployment`
--
ALTER TABLE `enumemployment`
  MODIFY `id` int(11) NOT NULL AUTO_INCREMENT;

--
-- AUTO_INCREMENT for table `enumfundsorigin`
--
ALTER TABLE `enumfundsorigin`
  MODIFY `id` int(11) NOT NULL AUTO_INCREMENT;

--
-- AUTO_INCREMENT for table `enumincome`
--
ALTER TABLE `enumincome`
  MODIFY `id` int(11) NOT NULL AUTO_INCREMENT;

--
-- AUTO_INCREMENT for table `enuminstrument`
--
ALTER TABLE `enuminstrument`
  MODIFY `id` int(11) NOT NULL AUTO_INCREMENT;

--
-- AUTO_INCREMENT for table `enumrole`
--
ALTER TABLE `enumrole`
  MODIFY `id` int(11) NOT NULL AUTO_INCREMENT;

--
-- AUTO_INCREMENT for table `enumtitles`
--
ALTER TABLE `enumtitles`
  MODIFY `id` int(11) NOT NULL AUTO_INCREMENT;

--
-- AUTO_INCREMENT for table `enumtransaction`
--
ALTER TABLE `enumtransaction`
  MODIFY `id` int(11) NOT NULL AUTO_INCREMENT;

--
-- AUTO_INCREMENT for table `record`
--
ALTER TABLE `record`
  MODIFY `id` int(11) NOT NULL AUTO_INCREMENT, AUTO_INCREMENT=1583;

--
-- AUTO_INCREMENT for table `score`
--
ALTER TABLE `score`
  MODIFY `id` int(11) NOT NULL AUTO_INCREMENT, AUTO_INCREMENT=613;

--
-- AUTO_INCREMENT for table `survey`
--
ALTER TABLE `survey`
  MODIFY `id` int(11) NOT NULL AUTO_INCREMENT, AUTO_INCREMENT=16;

--
-- AUTO_INCREMENT for table `useraccounts`
--
ALTER TABLE `useraccounts`
  MODIFY `id` int(11) NOT NULL AUTO_INCREMENT;

--
-- AUTO_INCREMENT for table `userdocument`
--
ALTER TABLE `userdocument`
  MODIFY `id` int(11) NOT NULL AUTO_INCREMENT;

--
-- AUTO_INCREMENT for table `userfininfo`
--
ALTER TABLE `userfininfo`
  MODIFY `id` int(11) NOT NULL AUTO_INCREMENT;

--
-- AUTO_INCREMENT for table `users`
--
ALTER TABLE `users`
  MODIFY `id` int(11) NOT NULL AUTO_INCREMENT, AUTO_INCREMENT=16;

--
-- AUTO_INCREMENT for table `usertransactions`
--
ALTER TABLE `usertransactions`
  MODIFY `id` int(11) NOT NULL AUTO_INCREMENT;
COMMIT;

/*!40101 SET CHARACTER_SET_CLIENT=@OLD_CHARACTER_SET_CLIENT */;
/*!40101 SET CHARACTER_SET_RESULTS=@OLD_CHARACTER_SET_RESULTS */;
/*!40101 SET COLLATION_CONNECTION=@OLD_COLLATION_CONNECTION */;
